Frame, Time_s             , Gust_Factor       , Drag_kN           , Lift_kN            , Moment_kNm        , C_D                , C_L                 , C_M
    0,  0.0               , 0.9117201361995054, 1396.1453756716614, -1577.4568295298818, 121240.3080049895 , 0.12452392617479671, -0.14069531812889344, 0.06007540247160814
    1,  0.04              , 0.8378639840133093, 1283.0471547971183, -1449.671024387349 , 111418.9359812851 , 0.11443655651251698, -0.1292979447299374 , 0.05520884540938793
    2,  0.08              , 0.7694267012675268, 1178.2470170845188, -1331.260939126077 , 102318.16381482768, 0.10508930311109085, -0.1187368033385314 , 0.050699350508732956
    3,  0.12              , 0.7168931283184251, 1097.800724380999 , -1240.3674290039828,  95332.26286555003, 0.09791419915113976, -0.1106298991855404 , 0.04723778877187748
    4,  0.16              , 0.6896157172055566, 1056.029977116081 , -1193.172092690304 ,  91704.91978778431, 0.09418861473900043, -0.10642048899278597, 0.045440415448721544
    5,  0.2               , 0.6946986198190053, 1063.8135838359428, -1201.9665232650668,  92380.84286323894, 0.09488284421212491, -0.10720487509091298, 0.0457753399591089
    6,  0.24              , 0.7365446683472091, 1127.893738285882 , -1274.3684944607644,  97945.5195780691 , 0.10059823213736513, -0.11366249610458819, 0.04853267535992338
    7,  0.28              , 0.8161274546808811, 1249.7613319818806, -1412.0625135249627, 108528.4179301993 , 0.11146775296588203, -0.12594359531061647, 0.053776573930307874
    8,  0.32              , 0.9293785644648128, 1423.1862755984828, -1608.0094159649996, 123588.52123048024, 0.12693573735496672, -0.14342034095530606, 0.06123895819768484
    9,  0.36              , 1.0652920135522876, 1631.3147636080323, -1843.1666643084582, 141662.25655245638, 0.14549897362490388, -0.1643943056601648 , 0.07019461775925864
   10,  0.4               , 1.2054527663006072, 1845.9472796956281, -2085.6725911562826, 160300.7972171971 , 0.1646423121723992 , -0.18602370805475532, 0.07943014223410289
   11,  0.44              , 1.3265974850420377, 2031.4599519976048, -2295.277004125318 , 176410.59059591315, 0.18118841597559893, -0.20471858389023995, 0.08741265512017196
   12,  0.48              , 1.4062699314131137, 2153.464844895008 , -2433.1261528534596, 187005.41191663753, 0.1920701826890483 , -0.21701351930212257, 0.09266246160310418
   13,  0.52              , 1.429578253908398 , 2189.1576034229756, -2473.4541779186266, 190104.94661616458, 0.19525366379736292, -0.2206104255437626 , 0.09419830226214589
   14,  0.56              , 1.3939740676728816, 2134.6358066636335, -2411.851867618463 , 185370.3111353086 , 0.1903907975709061 , -0.2151160395910647 , 0.0918522579741598
   15,  0.6               , 1.3097362836697248, 2005.6398703853324, -2266.103778479884 , 174168.39239654594, 0.17888549108501076, -0.2021165879520985 , 0.0863016305651819
   16,  0.64              , 1.1960323484845674, 1831.5215011605792, -2069.373398201214 , 159048.07249147884, 0.16335565921160117, -0.1845699629536986 , 0.07880940855796802
   17,  0.68              , 1.0746158852018168, 1645.5926979981946, -1859.2988132292005, 142902.14259391214, 0.1467724401842683 , -0.16583315189799366, 0.07080898977946432
   18,  0.72              , 0.9640376423420609, 1476.2607985601817, -1667.9765011832526, 128197.47644619236, 0.1316695194483004 , -0.14876887916827194, 0.06352272705404677
   19,  0.76              , 0.8763739796389091, 1342.018707771629 , -1516.3009617911614, 116539.98524359605, 0.11969630197811958, -0.1352407509382895 , 0.05774636037097646
   20,  0.8               , 0.8167588639363854, 1250.728228595466 , -1413.1549768838127, 108612.38256975815, 0.11155399166611109, -0.12604103346356   , 0.05381817898392316
   21,  0.84              , 0.7846915742791337, 1201.622591473178 , -1357.6721998057428, 104348.08268148667, 0.10717419939065383, -0.1210924562185016 , 0.051705189201374936
   22,  0.88              , 0.7758709185340866, 1188.1152472346557, -1342.4107142977473, 103175.11416091264, 0.1059694627163185 , -0.11973126552315506, 0.051123975270797394
   23,  0.92              , 0.7839152385308763, 1200.4337644177438, -1356.3289848437462, 104244.84575438932, 0.10706816644088721, -0.12097265322113532, 0.05165403459737104
   24,  0.96              , 0.8019718869463593, 1228.0844712349608, -1387.5705711929927, 106646.01419249862, 0.10953436704892319, -0.1237591287987703 , 0.05284382999376349
   25,  1.0               , 0.8243364058346011, 1262.331953971382 , -1426.2656286548881, 109620.04213236252, 0.11258894222874005, -0.12721038864797943, 0.05431748119433433
   26,  1.04              , 0.8478709616908179, 1298.3711506750003, -1466.9850823461225, 112749.6612857383 , 0.11580332258476948, -0.13084220689103734, 0.055868228906177535
   27,  1.08              , 0.8727304907100369, 1336.4393199558017, -1509.9970026418944, 116055.47502778508, 0.11919866950475026, -0.13467849305498375, 0.05750628224270866
   28,  1.12              , 0.9020284388199881, 1381.3041783112235, -1560.6882690758093, 119951.50859305385, 0.12320022149714616, -0.13919970956231706, 0.059436793541531675
   29,  1.16              , 0.9404957934079848, 1440.21043373981  , -1627.244429019506 , 125066.88746120832, 0.12845414299417807, -0.14513593546810408, 0.06197149878400345
   30,  1.2               , 0.9925292375647868, 1519.8908636825047, -1717.2726170457797, 131986.28141298416, 0.1355609387109112 , -0.15316566047725017, 0.06540010584837545
   31,  1.24              , 1.0600775433835128, 1623.3296834023236, -1834.144595744302 , 140968.83765750861, 0.14478677448335162, -0.1635896162493028 , 0.06985102395055856
   32,  1.28              , 1.1407425573922552, 1746.8545259666778, -1973.711083529288 , 151695.65036608157, 0.1558041073802479 , -0.17603772324751019, 0.07516623306961294
   33,  1.32              , 1.2265590925271401, 1878.2680529116574, -2122.1907255380866, 163107.51102218725, 0.16752504175629296, -0.18928080545237655, 0.0808208881356265
   34,  1.36              , 1.30415863292991  , 1997.0986404855903, -2256.4533354295313, 173426.67784315426, 0.17812368826704433, -0.20125585304662483, 0.08593410592715293
   35,  1.4000000000000001, 1.3570084427771383, 2078.029196578067 , -2347.893998164464 , 180454.6318933881 , 0.18534198427529244, -0.2094115584152734 , 0.08941650526337364
   36,  1.44              , 1.3697386045042625, 2097.523288812296 , -2369.9197051332503, 182147.485508735  , 0.18708068637932798, -0.21137605835655593, 0.0902553258168755
   37,  1.48              , 1.3333495369247022, 2041.799578861143 , -2306.959394293915 , 177308.47670966326, 0.18211062003447837, -0.20576055066264695, 0.08785756383530807
   38,  1.52              , 1.2491114369854155, 1912.8031587800285, -2161.210758523112 , 166106.5159577957 , 0.17060527039761403, -0.1927610502688792 , 0.08230691560854915
   39,  1.56              , 1.1291217181089066, 1729.059173662075 , -1953.6047246099806, 150150.31416251507, 0.15421691798346548, -0.1742444123234903 , 0.07440050840336264
   40,  1.6               , 0.9929891197401631, 1520.5950955481974, -1718.0683045045985, 132047.43642577244, 0.1356237500186601 , -0.15323662882202765, 0.06543040857580057
   41,  1.6400000000000001, 0.8621429139909561, 1320.2262347238232, -1491.678393081174 , 114647.54181288577, 0.1177526044576048 , -0.13304463369884995, 0.05680864169782699
   42,  1.68              , 0.7544706161483279, 1155.3442991908864, -1305.383942800586 , 100329.30748227025, 0.10304658148490144, -0.11642880215454961, 0.049713858582799565
   43,  1.72              , 0.681507224009388 , 1043.6131895186438, -1179.1427897697706,  90626.6544588449 , 0.09308114615510202, -0.10516919818052375, 0.04490612759781514
   44,  1.76              , 0.6485791787813951,  993.1894506434614, -1122.170734677856 ,  86247.89151730722, 0.08858379076033897, -0.10008779039454799, 0.04273642058890674
   45,  1.8               , 0.6564798527739965, 1005.2879982366297, -1135.8404691201267,  87298.5211022837 , 0.08966287512616955, -0.10130701085122822, 0.043257014739520774
   46,  1.84              , 0.7027208899232782, 1076.098335333434 , -1215.846643119686 ,  93447.64226770929, 0.09597853633359427, -0.10844286008172556, 0.04630394636595993
   47,  1.8800000000000001, 0.7814285770216615, 1196.6258623772965, -1352.02656678288  , 103914.17014977003, 0.10672853496638018, -0.12058891525349949, 0.05149018257190251
   48,  1.92              , 0.8825916238854705, 1351.5399796156332, -1527.0587206591515, 117366.8059680575 , 0.12054551594455384, -0.13620024870580488, 0.058156055699297826
   49,  1.96              , 0.9922551214312676, 1519.4711011292663, -1716.7983417174903, 131949.82952041595, 0.13552349957162013, -0.15312335927638987, 0.06538204368610516
   50,  2.0               , 1.0947085272982022, 1676.361185206155 , -1894.063072830139 , 145574.0569453428 , 0.14951671946661094, -0.16893381904305094, 0.07213294162908562
   51,  2.04              , 1.176219859494848 , 1801.182021110432 , -2035.093859090564 , 156413.4128277447 , 0.16064964360622144, -0.18151252862636924, 0.07750391666109799
   52,  2.08              , 1.2286210830361386, 1881.4256430530988, -2125.758378463253 , 163381.7139869879 , 0.1678066711113119 , -0.18959900881229313, 0.08095675758152587
   53,  2.12              , 1.2509728286479895, 1915.6535656744616, -2164.4313356212524, 166354.0433398596 , 0.1708595017003677 , -0.19304829750816913, 0.08242956712061573
   54,  2.16              , 1.24860055220142  , 1912.0208250348844, -2160.326826426388 , 166038.57863129894, 0.1705354930870116 , -0.19268221127612528, 0.08227325219825848
   55,  2.2               , 1.2301609645011042, 1883.7837113912142, -2128.4226790936   , 163586.4870260938 , 0.16801699013164267, -0.18983664106806106, 0.08105822402401557
   56,  2.24              , 1.2041688836618354, 1843.9812303150602, -2083.45121931592  , 160130.06683581517, 0.1644669578058784 , -0.1858255811634758 , 0.07934554416152763
   57,  2.2800000000000002, 1.1762987516029548, 1801.3028310470968, -2035.2303580991827, 156423.90387988478, 0.16066041879331627, -0.18152470314112135, 0.07750911504924164
   58,  2.32              , 1.148143046635289 , 1758.1871251099183, -1986.5153990585568, 152679.76551237324, 0.1568148758601439 , -0.1771797559251018 , 0.07565386886058639
   59,  2.36              , 1.117510613476067 , 1711.2787283302944, -1933.515208568568 , 148606.2724702566 , 0.15263105815795522, -0.1724526036365011 , 0.07363542517632601
   60,  2.4               , 1.0800110316866771, 1653.854453461124 , -1868.6334876878927, 143619.58777866274, 0.14750931633288936, -0.16666572301373492, 0.07116448877921476
   61,  2.44              , 1.0314524210110798, 1579.4951440063849, -1784.6174514050854, 137162.27628486953, 0.14087711790835483, -0.1591722292258504 , 0.06796484673559504
   62,  2.48              , 0.9703132955766139, 1485.870901370089 , -1678.8346271163632, 129032.01119087987, 0.1325266563580276 , -0.1497373287979825 , 0.06393624473219041
   63,  2.52              , 0.8993598245521686, 1377.2176463574613, -1556.0710366214507, 119596.6369576355 , 0.12283573867738506, -0.13878789291105906, 0.05926095221718732
   64,  2.56              , 0.8256904193866158, 1264.4053969986714, -1428.6083408974903, 109800.09850445658, 0.1127738751669261 , -0.12741933803923192, 0.054406700359141164
   65,  2.6               , 0.7592036060222964, 1162.592073659472 , -1313.5729548716693, 100958.69925209168, 0.10369301941936332, -0.11715919023042853, 0.050025726512752236
   66,  2.64              , 0.7103154499013881, 1087.728121023918 , -1228.986739547393 ,  94457.56489017831, 0.09701581124778709, -0.1096148414713472 , 0.04680436993802402
   67,  2.68              , 0.6880515833660447, 1053.6347703631961, -1190.465830637431 ,  91496.92167418121, 0.09397498329770004, -0.10617911414604447, 0.045337350959743776
   68,  2.72              , 0.6990881717497379, 1070.5354411099408, -1209.5613195153442,  92964.5643441578 , 0.09548237494404611, -0.10788226432563158, 0.04606457794831032
   69,  2.7600000000000002, 0.7473239065801267, 1144.4003207497553, -1293.0187164889028,  99378.93989152822, 0.1020704745642261 , -0.1153259323852536 , 0.04924294493659331
   70,  2.8000000000000003, 0.8330203126105595, 1275.6298902641538, -1441.2905112990716, 110774.82581038082, 0.11377500155039316, -0.12855047644239637, 0.05488968441095547
   71,  2.84              , 0.9510610159254925, 1456.3892872882773, -1645.524361373768 , 126471.84802016168, 0.12989715487529607, -0.14676634515654163, 0.06266766635751692
   72,  2.88              , 1.0891595338065743, 1667.8638390410667, -1884.4622125081619, 144836.15322540628, 0.1487588306930052 , -0.16807750648220943, 0.07176730528511775
   73,  2.92              , 1.2278115153874232, 1880.1859269558336, -2124.3576657162953, 163274.05789035908, 0.16769609930520663, -0.1894740775166461 , 0.08090341324877119
   74,  2.96              , 1.3434289666248   , 2057.2345227726155, -2324.398808634882 , 178648.83666534937, 0.18348728169854014, -0.20731599351391988, 0.08852172136773002
   75,  3.0               , 1.414369562836194 , 2165.868062183941 , -2447.1401231473183, 188082.4988092827 , 0.193176440920412  , -0.21826344257852118, 0.09319616553076072
   76,  3.04              , 1.4275803225584904, 2186.098109062447 , -2469.997360055657 , 189839.26222177866, 0.19498078372590227, -0.2203021076995975 , 0.09406665382619417
   77,  3.08              , 1.3827685080245473, 2117.4763849686724, -2392.4640249086897, 183880.19871024418, 0.1888603276086949 , -0.2133868140130199 , 0.0911138970681482
   78,  3.12              , 1.2920821486643421, 1978.605544860844 , -2235.558620236731 , 171820.75008765006, 0.17647426628388482, -0.19939222765527906, 0.08513835773218571
   79,  3.16              , 1.1755853705904689, 1800.2104085348267, -2033.996067327791 , 156329.03865727465, 0.16056298428352953, -0.18141461522651497, 0.07746210868211308
   80,  3.2               , 1.0548459185360721, 1615.3183337041032, -1825.0928461805217, 140273.13753782687, 0.14407223233339697, -0.1627822795535159 , 0.06950629977938846
   81,  3.24              , 0.947472462863546 , 1450.8940244725698, -1639.3154521801036, 125994.64316173192, 0.1294070256143335 , -0.14621256489588225, 0.06243120808383458
   82,  3.2800000000000002, 0.8643413873892831, 1323.5928253548102, -1495.4821884993457, 114939.89423702442, 0.11805287482378504, -0.13338389889865665, 0.056953504325056185
   83,  3.3200000000000003, 0.8095198210356097, 1239.642857252965 , -1400.629995576841 , 107649.73651632128, 0.1105652737383597 , -0.12492391494940833, 0.05334118127540905
   84,  3.36              , 0.7817392019251674, 1197.1015319445016, -1352.5640095309366, 103955.47696913246, 0.10677096052112714, -0.12063685043435411, 0.051510650383629925
   85,  3.4               , 0.7762335377955789, 1188.6705373779362, -1343.0381176069957, 103223.335176558  , 0.106018989728342  , -0.11978722439729816, 0.05114786911410869
   86,  3.44              , 0.7864295223795247, 1204.283965404912 , -1360.6791950353954, 104579.19457056529, 0.1074115706105666 , -0.12136065382779791, 0.05181970672430799
   87,  3.48              , 0.8055548975236925, 1233.5712466717507, -1393.7698907879865, 107122.48201275739, 0.11002373931010324, -0.12431205375130942, 0.05307992305998729
   88,  3.52              , 0.8282497856620104, 1268.324634106823 , -1433.0365526371356, 110140.44237008611, 0.11312343675329184, -0.12781429570006195, 0.05457534307411674
   89,  3.56              , 0.8519054409620603, 1304.5492741518692, -1473.9655324067598, 113286.16529619502, 0.11635435702941842, -0.13146480183219775, 0.05613407031557492
   90,  3.6               , 0.8772282221449492, 1343.3268358661576, -1517.7789709101053, 116653.58219120213, 0.11981297553454769, -0.13537257639258685, 0.057802648436053795
   91,  3.64              , 0.9077199472120517, 1390.0197619719065, -1570.535708467477 , 120708.36390760596, 0.12397757514186317, -0.14007801481418158, 0.05981182053034981
   92,  3.68              , 0.9482014531810279, 1452.010349998629 , -1640.576750147884 , 126091.58410568493, 0.12950659206336979, -0.14632506161560868, 0.06247924298509626
   93,  3.72              , 1.0028043035665035, 1535.6253915419163, -1735.050521026099 , 133352.65703348172, 0.13696432063639163, -0.15475129363649254, 0.06607715432078123
   94,  3.7600000000000002, 1.0728676676443256, 1642.9155981276865, -1856.2740498000803, 142669.6650750833 , 0.14653366634850112, -0.16556336952109557, 0.07069379557764269
   95,  3.8000000000000003, 1.1551149534998226, 1768.863422739043 , -1998.5781819912113, 153606.88788477326, 0.15776710799940066, -0.17825565039679733, 0.07611326434199733
   96,  3.84              , 1.2406113722312397, 1899.7867454879836, -2146.5039590727743, 164976.17954430543, 0.1694443204592457 , -0.19144933270641523, 0.08174682617883615
   97,  3.88              , 1.3152372383556656, 2014.0636532344972, -2275.6215221314   , 174899.90792852163, 0.17963681865583575, -0.20296548723469776, 0.08666410151828989
   98,  3.92              , 1.3623065853904577, 2086.1424069981736, -2357.0608366682645, 181159.1775283796 , 0.18606561150852946, -0.21022916003541586, 0.08976561244792472
   99,  3.96              , 1.3671619056286677, 2093.5775097548585, -2365.4615045544056, 181804.8367584118 , 0.18672875748380444, -0.21097842595420999, 0.09008554101575794
  100,  4.0               , 1.3223284617391902, 2024.922663956836 , -2287.8907463285223, 175842.8969807702 , 0.18060534720098764, -0.20405979445711686, 0.08713135904816866
  101,  4.04              , 1.23096801972282  , 1885.019580130943 , -2129.8190448430837, 163693.80902082974, 0.16812721878718917, -0.18996118464964765, 0.0811114028069955
  102,  4.08              , 1.1067664248402749, 1694.8258184036426, -1914.9256293014726, 147177.51304316183, 0.1511636028508162 , -0.17079457615840796, 0.07292746510075207
  103,  4.12              , 0.9700633474528956, 1485.4881480412641, -1678.4021672428419, 128998.77315400683, 0.1324925181170591 , -0.14969875716905162, 0.063919775057415
  104,  4.16              , 0.8420181726651885, 1289.4085929684475, -1456.8585954410923, 111971.35891423046, 0.11500394102061738, -0.12993901304765598, 0.055482574753838894
  105,  4.2               , 0.7395597011615194, 1132.510751724616 , -1279.5850997712669,  98346.45786224026, 0.10101002925434972, -0.114127771559342  , 0.048731343024037754
  106,  4.24              , 0.6731022159340506, 1030.7423394727284, -1164.6004572443942,  89508.95865793155, 0.09193317918199695, -0.10387214962572826, 0.04435230167815538
  107,  4.28              , 0.6470820133083263,  990.8967946311092, -1119.5803411934326,  86048.7988397604 , 0.08837930594593416, -0.09985675000818219, 0.04263776880445002
  108,  4.32              , 0.6616873606429999, 1013.2624168563498, -1144.8504915235285,  87991.01415240785, 0.09037412334773189, -0.10211062585017108, 0.043600149785773604
  109,  4.36              , 0.713902511719856 , 1093.2211002521474, -1235.1930685937987,  94934.57144343581, 0.097505736832769  , -0.11016839160549376, 0.04704072995013616
  110,  4.4               , 0.7972055520361958, 1220.7856344762747, -1379.323865589664 , 106012.18820838467, 0.10888337480589601, -0.12302359496566917, 0.05252976488027795
  111,  4.44              , 0.9008603941621581, 1379.5155152304615, -1558.6673199385332, 119796.18231642996, 0.12304068843325355, -0.1390194586188563 , 0.05935982830830073
  112,  4.48              , 1.0104073565702194, 1547.2681828664263, -1748.2053120741325, 134363.7090563001 , 0.1380027555391068 , -0.1559245856574056 , 0.06657813751844888
  113,  4.5200000000000005, 1.110186372685212 , 1700.0628908112462, -1920.8428179983464, 147632.29682342315, 0.1516307037911769 , -0.17132233750854484, 0.07315281357673609
  114,  4.5600000000000005, 1.1871839911083324, 1817.9717365534086, -2054.0639833719592, 157871.42021515113, 0.16214713901232217, -0.18320449738313768, 0.07822636930120028
  115,  4.6000000000000005, 1.2344018305625077, 1890.2778813731918, -2135.760219272946 , 164150.43629854897, 0.16859621315346685, -0.19049108531686135, 0.08133766474858814
  116,  4.64              , 1.2520896659827165, 1917.3638133901218, -2166.3636859239264, 166502.56007989586, 0.17101204080123536, -0.19322064621241367, 0.0825031581818582
  117,  4.68              , 1.2463722825397527, 1908.608606459945 , -2156.4714775575085, 165742.2639077645 , 0.1702311531082944 , -0.19233834796053362, 0.08212642622455787
  118,  4.72              , 1.226117928518051 , 1877.592484755655 , -2121.427424222859 , 163048.84514631264, 0.16746478700012646, -0.18921272566764727, 0.08079181879257953
  119,  4.76              , 1.1995175294461717, 1836.8584670668122, -2075.403453139945 , 159511.53095472985, 0.16383166977617825, -0.1851077909830034 , 0.07903905539874916
  120,  4.8               , 1.171602617863706 , 1794.111495522888 , -2027.105114457813 , 155799.41322932998, 0.16001901471783883, -0.18080000265005433, 0.07719967565743234
  121,  4.84              , 1.14326922532622  , 1750.7236910885183, -1978.082720647013 , 152031.64601472128, 0.15614920298446347, -0.17642763494810848, 0.07533272121330775
  122,  4.88              , 1.1118162786348311, 1702.5588164401638, -1923.6628788587282, 147849.04129522428, 0.1518533184731212 , -0.17157386221113372, 0.07326021194606729
  123,  4.92              , 1.072706235884255 , 1642.6683926571034, -1855.9947408078626, 142648.19792136402, 0.14651161778801075, -0.1655384576079575 , 0.07068315845603827
  124,  4.96              , 1.0220348114770124, 1565.0736658807857, -1768.323117335327 , 135909.9250037619 , 0.13959084850637393, -0.1577189174947608 , 0.06734429810382088
  125,  5.0               , 0.9589249817171511, 1468.4316224726585, -1659.1305833411268, 127517.59615806697, 0.13097122558713056, -0.14797990085733403, 0.06318584171769506
  126,  5.04              , 0.886916067832934 , 1358.162135011663 , -1534.5408671731918, 117941.86940619357, 0.12113615414314151, -0.1368675905717586 , 0.05844100356903856
  127,  5.08              , 0.8137188903160524, 1246.0730225254497, -1407.8952190276632, 108208.12766365003, 0.11113878810128727, -0.1255719091800939 , 0.05361786791093769
  128,  5.12              , 0.7494816128340883, 1147.704483385763 , -1296.751976654264 ,  99665.87111134868, 0.10236517690061984, -0.11565890645895927, 0.04938512131997625
  129,  5.16              , 0.7044961034393633, 1078.8167749542188, -1218.918114916388 ,  93683.7097021327 , 0.09622099731262118, -0.10871680843547525, 0.046420919395530606
  130,  5.2               , 0.6874351667962288, 1052.690832515094 , -1189.3993076011573,  91414.95075808915, 0.0938907923180507 , -0.10608398964243125, 0.04529673380975275
  131,  5.24              , 0.7045374568319273, 1078.8801006892818, -1218.989664494964 ,  93689.20886558478, 0.09622664541295181, -0.10872319003054098, 0.04642364426866131
  132,  5.28              , 0.7591745246192566, 1162.5475404033114, -1313.522638271195 , 100954.83201463385, 0.10368904744337924, -0.11715470243083975, 0.05002381027012175
  133,  5.32              , 0.850844614871864 , 1302.9247981954718, -1472.1300926764286, 113145.09691697586, 0.11620946801743437, -0.13130109670129897, 0.05606416996809924
  134,  5.36              , 0.9733281542773039, 1490.487648183226 , -1684.0509311757376, 129432.92632146682, 0.1329384296943467 , -0.15020257738377704, 0.06413490092354533
  135,  5.4               , 1.1130530409592314, 1704.4527090191016, -1925.8027232009438, 148013.50562938311, 0.15202223708560392, -0.17176471756440764, 0.07334170514935419
  136,  5.44              , 1.2495147780281186, 1913.4208074522799, -2161.9086185979086, 166160.1521453787 , 0.17066035924366518, -0.1928232932687477 , 0.08233349270662084
  137,  5.48              , 1.3589768088702538, 2081.043416742149 , -2351.299662263914 , 180716.38470756935, 0.18561082628539197, -0.20971531379224626, 0.08954620557442337
  138,  5.5200000000000005, 1.4208062734821858, 2175.724797212739 , -2458.276910375198 , 188938.45092690518, 0.19405557526160483, -0.2192567463524364 , 0.09362029566378942
  139,  5.5600000000000005, 1.4239120275296326, 2180.4807348948784, -2463.6504814289287, 189351.45329720472, 0.19447976320302013, -0.21973602177521812, 0.0938249411651556
  140,  5.6000000000000005, 1.3702471973311412, 2098.302112812286 , -2370.799671689165 , 182215.1180513669 , 0.18715015065143595, -0.21145454365783933, 0.09028883820467497
  141,  5.64              , 1.273695174470973 , 1950.4489999152918, -2203.745504715749 , 169375.65501299652, 0.17396294934996556, -0.19655477668666543, 0.08392679638672036
  142,  5.68              , 1.1550284138345979, 1768.7309018605206, -1998.4284511905917, 153595.37986246476, 0.15775528829897312, -0.1782422957222145 , 0.07610756203817436
  143,  5.72              , 1.0354701457068138, 1585.6476106811403, -1791.5689127239891, 137696.5522762067 , 0.14142586399121282, -0.15979223862542002, 0.06822958414626853
  144,  5.76              , 0.9316087548485457, 1426.6014354348063, -1611.8680880643524, 123885.09137113836, 0.12724033966841053, -0.14376450067391802, 0.0613859107323185
  145,  5.8               , 0.853121486411628 , 1306.4114423366125, -1476.0695324428186, 113447.87470569454, 0.11652044610409695, -0.13165246018764365, 0.056214198434836465
  146,  5.84              , 0.8030532471036778, 1229.740391646425 , -1389.4415389358508, 106789.81318665501, 0.10968206063059573, -0.12392600271687858, 0.05291508337963085
  147,  5.88              , 0.7794207324774739, 1193.5511876343207, -1348.5525971258471, 103647.1675013716 , 0.10645430093790616, -0.12027906761969005, 0.05135788093206454
  148,  5.92              , 0.7770405753252537, 1189.9063790252928, -1344.434452745736 , 103330.6548186109 , 0.10612921596748644, -0.11991176524867485, 0.051201046731318076
  149,  5.96              , 0.7891929680295029, 1208.515715600997 , -1365.460504606734 , 104946.67685866635, 0.10778900562427639, -0.12178710471927029, 0.05200179671337293
  150,  6.0               , 0.8092322852884164, 1239.202544828302 , -1400.1325016528451, 107611.50008699608, 0.11052600173071779, -0.12487954285339055, 0.05332223486296102
  151,  6.04              , 0.8321823859152047, 1274.3467470775306, -1439.8407317716137, 110663.39853506154, 0.11366055642868376, -0.12842116882014393, 0.054834471433347035
  152,  6.08              , 0.8559803492943696, 1310.7893079062565, -1481.0159327689855, 113828.04555274028, 0.11691091332799566, -0.13209363572693897, 0.05640257569170804
  153,  6.12              , 0.8818689179191564, 1350.4332775117994, -1525.8082958664554, 117270.70071549808, 0.12044680782040236, -0.1360887217779605 , 0.058108434888841744
  154,  6.16              , 0.9136954560630772, 1399.170244360527 , -1580.8745250326776, 121502.98552976825, 0.12479371793994119, -0.141000146601554  , 0.060205560983088324
  155,  6.2               , 0.9563128424260656, 1464.4315724056924, -1654.6110638078821, 127170.23455045425, 0.13061445619340264, -0.14757679934189724, 0.06301372166353238
  156,  6.24              , 1.0135272790917123, 1552.0458171731482, -1753.6033974006764, 134778.5955466153 , 0.13842887862919992, -0.1564060475383823 , 0.06678371661417908
  157,  6.28              , 1.086015687548327 , 1663.0495695728378, -1879.0227343677132, 144418.08536276247, 0.14832944006772097, -0.1675923527251626 , 0.07156014979762312
  158,  6.32              , 1.1695917755217524, 1791.0322301590386, -2023.6259580155247, 155532.01193455965, 0.15974437124623322, -0.1804896924004776 , 0.07706717648558846
  159,  6.36              , 1.25436284817486  , 1920.844807918607 , -2170.296742386527 , 166804.84726012178, 0.17132251499198461, -0.19357144036402882, 0.0826529435487292
  160,  6.4               , 1.325532302740994 , 2029.8288052401704, -2293.4340272854292, 176268.9429289017 , 0.18104293198665164, -0.20455420651525366, 0.08734246773163014
  161,  6.44              , 1.36639421563135  , 2092.401922206499 , -2364.1332484578816, 181702.74954103926, 0.18662390538198556, -0.21085995715648526, 0.09003495610079211
  162,  6.48              , 1.3631548129327486, 2087.441324191802 , -2358.5284387058373, 181271.97460766137, 0.18618146353335802, -0.21036005726930365, 0.08982150417277249
  163,  6.5200000000000005, 1.309966566679237 , 2005.992509913693 , -2266.502213801927 , 174199.01537161585, 0.1789169434390142 , -0.2021521248893631 , 0.08631680445893453
  164,  6.5600000000000005, 1.211880189163043 , 1855.789792052855 , -2096.7933086748076, 161155.51424776352, 0.1655201779759916 , -0.18701557855149453, 0.07985366037304147
  165,  6.6000000000000005, 1.08405607580816  , 1660.048755221462 , -1875.6322170367712, 144157.49670017313, 0.14806179373857334, -0.16728994830713453, 0.07143102633165545
  166,  6.640000000000001 , 0.9473929957646051, 1450.772334034573 , -1639.177958323195 , 125984.07564745937, 0.12939617189424008, -0.1462003016493855 , 0.06242597180818092
  167,  6.68              , 0.8226327176569741, 1259.7230433239815, -1423.3179098928676, 109393.48611895583, 0.11235625027379427, -0.12694747797986272, 0.05420522113898038
  168,  6.72              , 0.7256807170263645, 1111.2574320380618, -1255.571701973342 ,  96500.8341400783 , 0.09911441948638797, -0.11198598702407735, 0.04781682383694146
  169,  6.76              , 0.6658499544797258, 1019.6367261484202, -1152.0526052156467,  88544.55480466112, 0.09094265584694905, -0.10275299124372357, 0.04387443296779211
  170,  6.8               , 0.6467403062659821,  990.3735280188438, -1118.9891201747862,  86003.35872561093, 0.08833263515209643, -0.09980401827711621, 0.0426152529168644
  171,  6.84              , 0.6679660923128945, 1022.8772337699562, -1155.7139437609083,  88825.9582666312 , 0.09123168071417598, -0.10307955053952167, 0.04401387030932427
  172,  6.88              , 0.7259731494803521, 1111.705242942001 , -1256.0776681721823,  96539.72173220706, 0.09915436029263501, -0.11203111477272674, 0.04783609290501568
  173,  6.92              , 0.8135671701437601, 1245.8406887110132, -1407.6327130102381, 108187.95195436278, 0.11111806596213117, -0.12554849594497966, 0.05360787070888892
  174,  6.96              , 0.9192989651495572, 1407.7510719500488, -1590.5697081561382, 122248.1387194143 , 0.1255590525246453 , -0.14186487192927005, 0.06057478948891781
  175,  7.0               , 1.0282772049149582, 1574.632836930622 , -1779.1236972176007, 136740.03686929523, 0.14044344274967   , -0.1586822345212977 , 0.06775562421507028
  176,  7.04              , 1.125005625011091 , 1722.7560723964777, -1946.483066427464 , 149602.95716650027, 0.1536547366158612 , -0.17360922285596428, 0.07412928926533564
  177,  7.08              , 1.1972886904844753, 1833.4453767050475, -2071.5471192689984, 159215.14052582477, 0.16352725204172003, -0.18476383981386377, 0.0788921919125192
  178,  7.12              , 1.2393336495294391, 1897.8301290103157, -2144.293245146237 , 164806.26830974937, 0.16926980742495634, -0.19125215640760085, 0.08166263399911995
  179,  7.16              , 1.2525384062390836, 1918.0509832890077, -2167.1400956509747, 166562.23344317483, 0.17107333033114355, -0.19328989515254344, 0.08253272674180999
  180,  7.2               , 1.2437348761678269, 1904.5698641269298, -2151.9082409584107, 165391.54229027394, 0.16987093270368686, -0.19193134726613184, 0.08195264126250242
  181,  7.24              , 1.2219031866013446, 1871.1383194882428, -2114.1350839999823, 162488.36985586537, 0.16688913204808212, -0.18856231285865294, 0.0805140994498703
  182,  7.28              , 1.1948389490568263, 1829.6940115327693, -2067.3085802785845, 158889.37454410715, 0.1631926631601412 , -0.18438579929922366, 0.0787307726388034
  183,  7.32              , 1.1669032673408204, 1786.915234037937 , -2018.9743051421585, 155174.49481171876, 0.15937717128985376, -0.18007480574964072, 0.07689002430411865
  184,  7.36              , 1.1383116382469158, 1743.1319839401906, -1969.5051108238533, 151372.38736659937, 0.15547208927055367, -0.1756625873599506 , 0.075006054040727
  185,  7.4               , 1.1059039895843847, 1693.5051444966841, -1913.4334450988704, 147062.82662579877, 0.15104581031792044, -0.17066148641093473, 0.07287063719595303
  186,  7.44              , 1.0650673112398166, 1630.9706699744675, -1842.7778847001716, 141632.37569703622, 0.14546828348978622, -0.16435962992790643, 0.07017981159087207
  187,  7.48              , 1.0122548774290032, 1550.097348967989 , -1751.4018899280957, 134609.391902462  , 0.1382550923493747 , -0.1562096923745391 , 0.0666998750503507
  188,  7.5200000000000005, 0.9472750136880965, 1450.5916644145993, -1638.973825909134 , 125968.38642142715, 0.1293800577482409 , -0.14618209482787436, 0.0624181976892937
  189,  7.5600000000000005, 0.8744329547356603, 1339.0463560211995, -1512.9426033779307, 116281.8682537748 , 0.11943119426341764, -0.13494121481375343, 0.05761846163578326
  190,  7.6000000000000005, 0.802000557795914 , 1228.1283757978117, -1387.6201774544347, 106649.82683466013, 0.10953828295097641, -0.12376355324234563, 0.052845719184050954
  191,  7.640000000000001 , 0.7403079835099605, 1133.6566197371706, -1280.8797767824444,  98445.96425548269, 0.10111223063415428, -0.11424324539707363, 0.04878064912298209
  192,  7.68              , 0.699471992331404 , 1071.1231974936206, -1210.2254053173613,  93015.6047058787 , 0.09553479766005082, -0.10794149495649934, 0.04608986879689966
  193,  7.72              , 0.6877910129732114, 1053.2357508235955, -1190.0149921296172,  91462.27109070747, 0.09393939425335168, -0.1061389033040777 , 0.04532018135845923
  194,  7.76              , 0.7110565157645243, 1088.8629382082775, -1230.2689306063826,  94556.11163707056, 0.0971170269906098 , -0.10972920167161988, 0.04685320052563335
  195,  7.8               , 0.7720852981659088, 1182.3182091291778, -1335.860839542669 , 102671.70334304801, 0.10545241774545956, -0.11914707412398709, 0.0508745317648428
  196,  7.84              , 0.8695576057360644, 1331.5805825998239, -1504.5072817584999, 115633.54560423152, 0.11876531273377114, -0.13418885808579212, 0.05729721332535198
  197,  7.88              , 0.9960997331014193, 1525.358474448573 , -1723.4502831358861, 132461.08498636607, 0.13604860165149782, -0.15371665412701024, 0.06563537426888047
  198,  7.92              , 1.1368625923504028, 1740.9130149307027, -1966.9979737595288, 151179.6936179026 , 0.15527417669072027, -0.17543897271626935, 0.0749105729693143
  199,  7.96              , 1.2704476219406227, 1945.4759218099869, -2198.1265941368815, 168943.79631709962, 0.1735193943866806 , -0.19605361912936656, 0.08371280744695454
  200,  8.0               , 1.3731551070867736, 2102.7550853824873, -2375.8309328421765, 182601.8111388896 , 0.1875473167612498 , -0.21190328803883354, 0.09048044727634573
  201,  8.040000000000001 , 1.4255512709602276, 2182.99095929857  , -2466.4866979850676, 189569.43946481196, 0.1947036532103033 , -0.2199889874242161 , 0.09393295480325779
  202,  8.08              , 1.4186100307179204, 2172.361622421006 , -2454.4769743967763, 188646.39513190737, 0.19375560955833612, -0.218917825380816  , 0.09347558001832984
  203,  8.120000000000001 , 1.356497115069295 , 2077.2461845698713, -2347.0092997215543, 180386.63566699257, 0.1852721464695728 , -0.209332651071159  , 0.08938281266777998
  204,  8.16              , 1.2546823936967186, 1921.334137905898 , -2170.849619575247 , 166847.3403410065 , 0.1713661589364293 , -0.19362075216166222, 0.08267399916116053
  205,  8.2               , 1.134457808799943 , 1737.2304951528015, -1962.8372208216517, 150859.9061230707 , 0.15494572821468675, -0.1750678700354912 , 0.07475211607677139
  206,  8.24              , 1.016554825034869 , 1556.6819923549224, -1758.841652908179 , 135181.19782342546, 0.13884238480565445, -0.15687325400088065, 0.06698320879803563
  207,  8.28              , 0.9164780337800583, 1403.4312920853301, -1585.6889368780128, 121873.01199519314, 0.12517376603633332, -0.14142954992562773, 0.06038891162943139
  208,  8.32              , 0.8427166248227982, 1290.4781544613409, -1458.0670563298843, 112064.23890157869, 0.11509933652792005, -0.13004679716320963, 0.05552859742330682
  209,  8.36              , 0.797341349637764 , 1220.9935855633782, -1379.558822398801 , 106030.2465383335 , 0.10890192221956056, -0.12304455105295427, 0.05253871290637168
  210,  8.4               , 0.7777066476094575, 1190.9263562118565, -1345.5868900255111, 103419.22893876479, 0.10622018898941728, -0.12001455254951646, 0.05124493581411878
  211,  8.44              , 0.7782583464540925, 1191.7711897963284, -1346.5414385495142, 103492.59370849378, 0.10629554073769217, -0.12009968990842226, 0.05128128855968029
  212,  8.48              , 0.792175484955527 , 1213.0829364495885, -1370.6208509754752, 105343.29118841955, 0.10819636167879929, -0.12224736236969466, 0.05219832182847697
  213,  8.52              , 0.8129850276383963, 1244.9492358028504, -1406.6254909095246, 108110.53879450068, 0.11103855617893903, -0.12545866056487065, 0.05356951195830638
  214,  8.56              , 0.8361310330839355, 1280.393433188647 , -1446.6726752555903, 111188.48861471644, 0.11419986781274402, -0.12903051827676465, 0.05509465716190702
  215,  8.6               , 0.8601081176864899, 1317.1102879128243, -1488.1577915284183, 114376.95512637332, 0.11747468932253459, -0.13273062690880827, 0.05667456414257181
  216,  8.64              , 0.8866750647483104, 1357.7930794991648, -1534.1238839930659, 117909.82087830681, 0.12110323762728757, -0.1368303993281797 , 0.05842512330410768
  217,  8.68              , 0.9199784507661762, 1408.7915893893503, -1591.7453531637948, 122338.49654104502, 0.12565185755702443, -0.14196972915595446, 0.060619562408009205
  218,  8.72              , 0.9648442005597007, 1477.4959062221246, -1669.3720070170195, 128304.73234945476, 0.13177968022238148, -0.14889334605291632, 0.06357587308824919
  219,  8.76              , 1.0246934904812757, 1569.1449836567322, -1772.9231598113936, 136263.4754504011 , 0.13995397435487106, -0.15812920095067604, 0.067519484770082
  220,  8.8               , 1.0994907641077267, 1683.6843730374735, -1902.3372918761938, 146209.9975599227 , 0.15016988361180791, -0.16967180683400668, 0.07244805455644107
  221,  8.84              , 1.184114323330451 , 1813.271058897212 , -2048.752848728392 , 157463.21658764905, 0.16172787978070371, -0.18273079074070314, 0.07802410160973623
  222,  8.88              , 1.267734755228316 , 1941.3216247128657, -2193.432796168602 , 168583.04000305396, 0.17314886751029337, -0.1956349735055896 , 0.08353405022407141
  223,  8.92              , 1.3349639082264433, 2044.2717158010357, -2309.7525771295427, 177523.15538800572, 0.1823311129739397 , -0.20600967808109297, 0.08796393858984074
  224,  8.96              , 1.3692160962793023, 2096.7231557308114, -2369.015662176181 , 182078.0025000637 , 0.18700932152398772, -0.21129542565139028, 0.0902208965104876
  225,  9.0               , 1.357709312735303 , 2079.102460524082 , -2349.1066423281964, 180547.8333992291 , 0.18543771000895062, -0.20951971564227295, 0.08946268724745542
  226,  9.040000000000001 , 1.2963109116424218, 1985.0811810152327, -2242.8752196792325, 172383.08989521387, 0.1770518362507917 , -0.20004480417396023, 0.08541700095588828
  227,  9.08              , 1.1919379338103   , 1825.2515967386046, -2062.2892479950187, 158503.59828662296, 0.1627964387113797 , -0.18393811886879224, 0.07853961786269215
  228,  9.120000000000001 , 1.0610966049981354, 1624.890204119471 , -1835.9077746408427, 141104.35220756335, 0.144925959248751  , -0.16374687634740695, 0.06991817233766891
  229,  9.16              , 0.9250712469126814, 1416.5903463838165, -1600.556901514801 , 123015.73525596772, 0.12634743830180678, -0.14275564200963453, 0.060955138826758175
  230,  9.200000000000001 , 0.8040494726729367, 1231.265942817692 , -1391.16520694052  , 106922.29100530107, 0.10981812641911386, -0.1240797387898574 , 0.052980727045542644
  231,  9.24              , 0.712864609984039 , 1091.6317290719705, -1233.397292547467 ,  94796.5515389354 , 0.09736397885902685, -0.11000822412743846, 0.04697234014274954
  232,  9.28              , 0.6597577865369183, 1010.3076000674486, -1141.5119452625995,  87734.4198866335 , 0.09011057959785256, -0.10181285679590833, 0.04347300557076826
  233,  9.32              , 0.6475457956675705,  991.6069989695546, -1120.3827767446041,  86110.47249799116, 0.0884426499458862 , -0.09992832022363057, 0.04266832852424186
  234,  9.36              , 0.6752930223987549, 1034.097189490014 , -1168.3909873453656,  89800.29153521918, 0.09223240238837616, -0.10421023167555035, 0.04449665911294139
  235,  9.4               , 0.7388905409834169, 1131.486045950171 , -1278.427319822041 ,  98257.47311475403, 0.10091863448383989, -0.11402450773922965, 0.04868725047258325
  236,  9.44              , 0.8304501868207212, 1271.6941767771896, -1436.843683463469 , 110433.05114730222, 0.11342397041550142, -0.12815385838903198, 0.05472033272605048
  237,  9.48              , 0.9378310837931757, 1436.1298811025372, -1622.6339523900035, 124712.53506553784, 0.12809019347702144, -0.1447247213771885 , 0.06179591474650821
  238,  9.52              , 1.045792887252464 , 1601.455145582464 , -1809.4293048598215, 139069.26777821098, 0.14283575750470956, -0.16138522900488203, 0.06890977407335556
  239,  9.56              , 1.13911829170797  , 1744.367237451334 , -1970.9007814476352, 151479.65593530642, 0.1555822630531046 , -0.1757870689424194 , 0.07505920635074392
  240,  9.6               , 1.2065211539787113, 1847.5833349465602, -2087.5211139348144, 160442.87113442135, 0.16478823395592904, -0.18618858007884206, 0.07950054083254271
  241,  9.64              , 1.2434371309108359, 1904.1139175626595, -2151.3930825556813, 165351.9482029753 , 0.16983026626787137, -0.19188539965349236, 0.08193302212123577
  242,  9.68              , 1.2523599876305973, 1917.7777653295907, -2166.831396038783 , 166538.50738274487, 0.1710489616847254 , -0.19326236185379925, 0.08252097031646885
  243,  9.72              , 1.2407321972930458, 1899.9717686596875, -2146.7130104157873, 164992.24682978753, 0.16946082290388748, -0.1914679782532599 , 0.08175478762876849
  244,  9.76              , 1.2175488579779918, 1864.470400759377 , -2106.601231063973 , 161909.33236125563, 0.16629441216145616, -0.18789035923321903, 0.08022718240794559
  245,  9.8               , 1.1901456808874247, 1822.5070641447132, -2059.188294641921 , 158265.2649562898 , 0.16255165046793363, -0.18366154101870494, 0.07842152206618877
  246,  9.84              , 1.1621934585632356, 1779.7029575025813, -2010.8254009697107, 154548.18565810146, 0.15873389945979183, -0.17934799494665596, 0.07657968383159473
  247,  9.88              , 1.1332496822877225, 1735.3804534828937, -1960.7469221192641, 150699.2497718123 , 0.15478072071880683, -0.17488143371887613, 0.07467250975507621
  248,  9.92              , 1.0997508799951523, 1684.08269657882  , -1902.7873439994244, 146244.5877033848 , 0.1502054105792145 , -0.1697119475373636 , 0.07246519420928617
  249,  9.96              , 1.0570817432088464, 1618.7421215023178, -1828.9612667184306, 140570.45692478507, 0.14437760418539192, -0.16312730874737322, 0.0696536235706922
  250, 10.0               , 1.0021200812804723, 1534.577620693555 , -1733.8666806400395, 133261.66933077713, 0.1368708686635219 , -0.1546457054539113 , 0.06603206929130638
  251, 10.040000000000001 , 0.9353932140555444, 1432.3966954180883, -1618.4159537800779, 124388.34777808959, 0.1277572260463601 , -0.1443485128843909 , 0.0616352777266086
  252, 10.08              , 0.8619565995436407, 1319.940925621049 , -1491.3560321003329, 114622.76576584959, 0.11772715738721375, -0.1330158819258044 , 0.05679636499693563
  253, 10.120000000000001 , 0.7905866113892764, 1210.649844984378 , -1367.871784284035 , 105132.0031923507 , 0.10797935125333076, -0.12200216972450195, 0.05209362718021913
  254, 10.16              , 0.7317285364306226, 1120.5186458238509, -1266.0356301506645,  97305.07160091503, 0.0999404385542059 , -0.11291927767027846, 0.04821532900356082
  255, 10.200000000000001 , 0.695278013406228 , 1064.7008272403352, -1202.9689891916835,  92457.8904726773 , 0.09496197854448947, -0.10729428626199443, 0.045813517576954406
  256, 10.24              , 0.6891414672482984, 1055.303743419523 , -1192.3515461165498,  91641.85415107585, 0.09412384106084938, -0.10634730343291977, 0.04540916599406631
  257, 10.28              , 0.7186524364994465, 1100.494807667953 , -1243.4113814135112,  95566.21521262868, 0.09815448775874411, -0.11090139305124286, 0.04735371376119167
  258, 10.32              , 0.7860404273921269, 1203.6881321598364, -1360.0059834643919, 104527.45281973378, 0.10735842750934292, -0.12130060925835089, 0.051794068332613526
  259, 10.36              , 0.8891103714067242, 1361.5223402607621, -1538.3374479671252, 118233.66732814335, 0.12143585498924409, -0.1372062122903407 , 0.05858559143663775
  260, 10.4               , 1.01928949185747  , 1560.8696726383614, -1763.5731693950065, 135544.85311050207, 0.13921588916955907, -0.157295263785798  , 0.06716340248189823
  261, 10.44              , 1.1604752713570552, 1777.071844042209 , -2007.852596009958 , 154319.70156762615, 0.15849922720860216, -0.1790828468096561 , 0.07646646840085616
  262, 10.48              , 1.2904975689979317, 1976.1790287778888, -2232.816982844435 , 171610.03309327184, 0.17625784232486083, -0.19914769763843032, 0.08503394601917393
  263, 10.52              , 1.38588599858941  , 2122.2502951446354, -2397.857902467473 , 184294.7617995954 , 0.1892861185389773 , -0.2138679005980059 , 0.09131931591648719
  264, 10.56              , 1.428586848481518 , 2187.6394334855163, -2471.7388497171632, 189973.10977880593, 0.19511825635018212, -0.22045743330810674, 0.09413297620684932
  265, 10.6               , 1.4117210857373974, 2161.8123669028532, -2442.557731992983 , 187730.30500939497, 0.19281470846147897, -0.21785473346573841, 0.0930216510922508
  266, 10.64              , 1.341610932845604 , 2054.450511152317 , -2321.2532492823557, 178407.0750034078 , 0.18323897227208874, -0.2070354371997868 , 0.08840192680944872
  267, 10.68              , 1.2351509898002109, 1891.4250921935218, -2137.056413476626 , 164250.05930029877, 0.1686985342999513 , -0.19060669447486153, 0.08138702862784603
  268, 10.72              , 1.1139657734774955, 1705.850404686888 , -1927.3819316524225, 148134.8805636933 , 0.15214689928424247, -0.17190556911185625, 0.0734018472600815
  269, 10.76              , 0.9981603359568397, 1528.5139396329698, -1727.0155351448868, 132735.10342135263, 0.13633004147897992, -0.15403464334625594, 0.06577115227899391
  270, 10.8               , 0.9021063474068982, 1381.4234821513176, -1560.8230663975103, 119961.86885679945, 0.12321086235363225, -0.1392117323015164 , 0.059441927123130664
  271, 10.84              , 0.8331251222025294, 1275.790388449227 , -1441.4718526998904, 110788.76336282457, 0.11378931658126137, -0.1285666505053568 , 0.054896590563589906
  272, 10.88              , 0.7923638122136895, 1213.3713278321595, -1370.946694518663 , 105368.33489852179, 0.10822208366152293, -0.1222764247567666 , 0.052210731158249646
  273, 10.92              , 0.7765662044508789, 1189.1799601645967, -1343.6136969613658, 103267.57310237554, 0.10606442577431777, -0.11983856102905603, 0.0511697893091472
  274, 10.96              , 0.7798532167824003, 1194.2134642896226, -1349.3008808297855, 103704.67915243063, 0.1065133702087494 , -0.12034580796516604, 0.05138637834881504
  275, 11.0               , 0.7953483580396483, 1217.9416555982677, -1376.1105512870668, 105765.21903086377, 0.10862971682584702, -0.12273699550406186, 0.05240738996238316
  276, 11.040000000000001 , 0.8167965480674795, 1250.78593547642  , -1413.220177911627 , 108617.39379576857, 0.11155913861392106, -0.12604684882356157, 0.05382066208071173
  277, 11.08              , 0.8400953494581633, 1286.464114041051 , -1453.5317295757138, 111715.66238126734, 0.11474131931734242, -0.1296422857822632 , 0.05535587537158623
  278, 11.120000000000001 , 0.8643033814804856, 1323.5346257256597, -1495.4164307322253, 114934.84022109817, 0.11804768392715634, -0.13337803388239045, 0.05695100002557145
  279, 11.16              , 0.8916700098948162, 1365.441994216676 , -1542.7661306887762, 118574.047392547  , 0.12178545375477534, -0.1376012119586361 , 0.05875425208835368
  280, 11.200000000000001 , 0.9265915816572057, 1418.9184822215186, -1603.1873824383863, 123217.90897724274, 0.12655508760554737, -0.14299025784408886, 0.06105531728947108
  281, 11.24              , 0.9738072247088643, 1491.221263621876 , -1684.879818126991 , 129496.63298360174, 0.1330038617591696 , -0.15027650683218813, 0.06416646801068701
  282, 11.28              , 1.036294268391245 , 1586.9096153568855, -1792.9948085721885, 137806.14389772207, 0.14153842374309333, -0.15991941603289359, 0.06828388754485264
  283, 11.32              , 1.113257280638003 , 1704.7654675858196, -1926.1560983907057, 148040.6653690641 , 0.15205013240750317, -0.17179623553295784, 0.07335516298626675
  284, 11.36              , 1.1986196709011139, 1835.4835483763954, -2073.8499796148817, 159392.13395753124, 0.16370903908421366, -0.18496923476534843, 0.07897989336939905
  285, 11.4               , 1.280646533094575 , 1961.093831384555 , -2215.772735112373 , 170300.0448856298 , 0.17491237498365644, -0.19762750018386996, 0.08438483789579372
  286, 11.44              , 1.3434544183108683, 2057.273497730386 , -2324.442845104427 , 178652.22122398272, 0.18349075792304276, -0.20731992118089365, 0.08852339843969917
  287, 11.48              , 1.3707236264879297, 2099.031683584802 , -2371.6239887107195, 182278.4734774655 , 0.18721522196750312, -0.2115280655085902 , 0.09032023125195654
  288, 11.52              , 1.3508266333929935, 2068.562799772426 , -2337.198240722361 , 179632.57647966646, 0.18449766468113854, -0.20845759063132166, 0.08900917117914102
  289, 11.56              , 1.281417150805413 , 1962.2739022316046, -2217.106056734494 , 170402.5214295894 , 0.17501762695640918, -0.1977464207820637 , 0.08443561572474825
  290, 11.6               , 1.171236044380584 , 1793.5501501571512, -2026.4708695601564, 155750.66638231458, 0.15996894763306413, -0.18074343356621195, 0.07717552126107802
  291, 11.64              , 1.037993636698356 , 1589.5119108523277, -1795.935053100639 , 138032.12545586436, 0.14177052568448575, -0.16018166006490958, 0.06839586295369107
  292, 11.68              , 0.9031869869123149, 1383.078299006131 , -1562.692787269515 , 120105.57201885227, 0.12335845750772746, -0.13937849500967706, 0.05951313302353475
  293, 11.72              , 0.7863257116288166, 1204.1249967765011, -1360.4995818282487, 104565.3898437743 , 0.1073973920027416 , -0.12134463390456034, 0.051812866387693654
  294, 11.76              , 0.7011376510896755, 1073.6738725094228, -1213.1073256343288,  93237.10357693123, 0.09576229550726521, -0.1081985369802349 , 0.04619962300360244
  295, 11.8               , 0.6548300277192419, 1002.7615698630452, -1132.985944253537 ,  87079.12779303138, 0.08943753986684758, -0.10105241226146436, 0.04314830385310197
  296, 11.84              , 0.6494878937175321,  994.5809940628927, -1123.742991914688 ,  86368.73219458482, 0.08870790423236685, -0.10022802195459801, 0.042796297971617575
  297, 11.88              , 0.6836422450680548, 1046.8826136101688, -1182.836800043826 ,  90910.56900725985, 0.09337275011791378, -0.10549867150806609, 0.04504680919986841
  298, 11.92              , 0.7526088120326754, 1152.4932606942375, -1302.1626520767402, 100081.72525230261, 0.10279229384876798, -0.1161414912661038 , 0.049591179893221246
  299, 11.96              , 0.8477883031310753, 1298.2445730539055, -1466.842066628461 , 112738.66937183343, 0.1157920329707943 , -0.13082945114297684, 0.05586278233760118
